{
  "main": {
    "id": "f34af550ed6fddfa",
    "type": "split",
    "children": [
      {
        "id": "c945af3dbf435379",
        "type": "tabs",
        "children": [
          {
            "id": "5876a222ce09662b",
            "type": "leaf",
            "state": {
              "type": "markdown",
              "state": {
                "file": "jaja/Welcome.md",
                "mode": "source",
                "source": false
              }
            }
          }
        ]
      }
    ],
    "direction": "vertical"
  },
  "left": {
    "id": "1d387c054e530551",
    "type": "split",
    "children": [
      {
        "id": "738928b99700e07e",
        "type": "tabs",
        "children": [
          {
            "id": "91b0fe2bae9fe70b",
            "type": "leaf",
            "state": {
              "type": "file-explorer",
              "state": {
                "sortOrder": "alphabetical"
              }
            }
          },
          {
            "id": "50430f6bbee27d2e",
            "type": "leaf",
            "state": {
              "type": "search",
              "state": {
                "query": "pesa",
                "matchingCase": false,
                "explainSearch": false,
                "collapseAll": false,
                "extraContext": false,
                "sortOrder": "alphabetical"
              }
            }
          },
          {
            "id": "c61688508a8068aa",
            "type": "leaf",
            "state": {
              "type": "bookmarks",
              "state": {}
            }
          }
        ],
        "currentTab": 1
      }
    ],
    "direction": "horizontal",
    "width": 300
  },
  "right": {
    "id": "e8af8b7bc111b78d",
    "type": "split",
    "children": [
      {
        "id": "b641b5932f438fd6",
        "type": "tabs",
        "children": [
          {
            "id": "f7cfc65079a1e705",
            "type": "leaf",
            "state": {
              "type": "backlink",
              "state": {
                "file": "jaja/Welcome.md",
                "collapseAll": false,
                "extraContext": false,
                "sortOrder": "alphabetical",
                "showSearch": false,
                "searchQuery": "",
                "backlinkCollapsed": false,
                "unlinkedCollapsed": true
              }
            }
          },
          {
            "id": "194e8a75f7d75019",
            "type": "leaf",
            "state": {
              "type": "outgoing-link",
              "state": {
                "file": "jaja/Welcome.md",
                "linksCollapsed": false,
                "unlinkedCollapsed": true
              }
            }
          },
          {
            "id": "4f65701f9fcc2e7e",
            "type": "leaf",
            "state": {
              "type": "tag",
              "state": {
                "sortOrder": "frequency",
                "useHierarchy": true
              }
            }
          },
          {
            "id": "4f59963748ddccb9",
            "type": "leaf",
            "state": {
              "type": "outline",
              "state": {
                "file": "jaja/Welcome.md"
              }
            }
          }
        ]
      }
    ],
    "direction": "horizontal",
    "width": 300
  },
  "left-ribbon": {
    "hiddenItems": {
      "switcher:Abrir selector rápido": false,
      "graph:Abrir vista gráfica": false,
      "canvas:Crear nuevo lienzo": false,
      "daily-notes:Abrir la nota de hoy": false,
      "templates:Insertar plantilla": false,
      "command-palette:Abrir paleta de comandos": false
    }
  },
  "active": "5876a222ce09662b",
  "lastOpenFiles": [
    "gjhgjhgh.md",
    "Sin tíbjghnbm.md",
    "jaja/Welcome.md",
    "jaja"
  ]
}